{"cameraMode":{"drawMode":0,"name":"Shaded","section":"Shading Mode"},"sceneLighting":true,"audioPlay":false,"sceneViewState":{"m_AlwaysRefresh":false,"showFog":true,"showSkybox":true,"showFlares":true,"showImageEffects":true,"showParticleSystems":true,"showVisualEffectGraphs":true,"m_FxEnabled":true},"in2DMode":false,"pivot":{"x":-0.21800491213798524,"y":-0.19488273561000825,"z":-35.5922966003418},"rotation":{"x":0.00020972811034880579,"y":-0.9982240200042725,"z":0.06056520342826843,"w":0.0035894594620913269},"size":19.035480499267579,"orthographic":false}